﻿{"cameraMode":{"drawMode":0,"name":"Shaded","section":"Shading Mode"},"sceneLighting":true,"audioPlay":false,"sceneViewState":{"showFog":true,"showMaterialUpdate":false,"showSkybox":true,"showFlares":true,"showImageEffects":true,"showParticleSystems":true},"in2DMode":false,"pivot":{"x":-0.6777220368385315,"y":-0.019394196569919587,"z":1.9002145528793336},"rotation":{"x":-0.1983025223016739,"y":0.7647576332092285,"z":-0.27779218554496767,"w":-0.5464918613433838},"size":10.854636192321778,"orthographic":false}